Metric,Training_Set,Test_Set
R2,0.3891837000846863,0.40036487579345703
RMSE,12.704605372882074,12.567675079710634
MAE,9.85920524597168,9.702210426330566
SD,12.66466746868498,12.532307948013703
