Metric,Training_Set,Test_Set
R2,0.39882755279541016,0.41046297550201416
RMSE,12.603913174857082,12.461402812628831
MAE,9.636341094970703,9.452922821044922
SD,12.591202135885856,12.45203573780231
