Metric,Training_Set,Test_Set
R2,0.4154701110278065,0.4169598658136683
RMSE,12.428229254406448,12.392548297283271
MAE,9.512867223476125,9.451925779486157
SD,12.428224606272003,12.392155750081185
