Metric,Training_Set,Test_Set
R2,0.39817712438114883,0.40956826075233066
RMSE,12.61073036634671,12.470855365175797
MAE,9.598144891447758,9.428595701330064
SD,12.608385775858062,12.468919871184097
